Full Name,Last Name,TOI,PS,PS/60,PS/60 Rank
Vladimir Tarasenko,Tarasenko,4329,30,0,1
Tyler Seguin,Seguin,7428,47,0,2
Tyler Toffoli,Toffoli,3450,21,0,3
Scott Wedgewood,Wedgewood,240,1,0,4
John Klingberg,Klingberg,3144,16,0,5
Taylor Hall,Hall,7227,38,0,6
Evgeny Kuznetsov,Kuznetsov,2723,14,0,7
Jaden Schwartz,Schwartz,3981,20,0,8
Brendan Gallagher,Gallagher,4141,21,0,9
Mark Stone,Stone,3185,16,0,10
Kevin Hayes,Hayes,2109,9,0,11
Jeff Skinner,Skinner,7131,32,0,12
Oscar Lindberg,Lindberg,836,3,0,13
Ryan Johansen,Johansen,5947,25,0,14
Calvin Pickard,Pickard,1880,7,0,15
Ryan Spooner,Spooner,1963,7,0,16
Justin Faulk,Faulk,7740,27,0,17
Philipp Grubauer,Grubauer,2143,7,0,18
Joonas Donskoi,Donskoi,1075,3,0,19
Brock Nelson,Nelson,3609,12,0,20
Micheal Ferland,Ferland,2731,9,0,21
Nick Bjugstad,Bjugstad,3633,11,0,22
Petr Mrazek,Mrazek,5113,16,0,23
Teemu Pulkkinen,Pulkkinen,794,2,0,24
Alex Petrovic,Petrovic,1318,4,0,25
Nino Niederreiter,Niederreiter,4258,13,0,26
Frederik Andersen,Andersen,6972,21,0,27
Jason Zucker,Zucker,2438,7,0,28
Charlie Coyle,Coyle,4365,12,0,29
Cam Fowler,Fowler,9278,27,0,30
Brandon Davidson,Davidson,1160,3,0,31
Tom Kuhnhackl,Kuhnhackl,512,1,0,32
Louis Domingue,Domingue,2513,7,0,33
Mikael Granlund,Granlund,4149,11,0,34
Zach Hyman,Hyman,250,0,0,35
Dylan McIlrath,McIlrath,502,1,0,36
Riley Sheahan,Sheahan,3089,8,0,37
Beau Bennett,Bennett,1615,4,0,38
Anthony Bitetto,Bitetto,422,1,0,39
Derek Forbort,Forbort,154,0,0,40
Mark Pysyk,Pysyk,2173,5,0,41
Radko Gudas,Gudas,3805,8,0,42
Calle Jarnkrok,Jarnkrok,2426,5,0,43
Zach Trotman,Trotman,1178,2,0,44
Devante Smith-Pelly,Smith-Pelly,2736,5,0,45
Connor Brickley,Brickley,200,0,0,46
Petter Granberg,Granberg,462,0,0,47
Michael Bournival,Bournival,619,1,0,48
Greg McKegg,McKegg,155,0,0,49
Jon Merrill,Merrill,3150,5,0,50
Brett Connolly,Connolly,2551,4,0,51
Jesper Fast,Fast,1988,3,0,52
Dalton Prout,Prout,3616,6,0,53
Emerson Etem,Etem,2120,3,0,54
Martin Marincin,Marincin,2697,4,0,55
Brandon Gormley,Gormley,803,1,0,56
Patrik Nemeth,Nemeth,950,1,0,57
Johan Larsson,Larsson,2053,3,0,58
Tye McGinn,McGinn,962,1,0,59
Erik Gudbranson,Gudbranson,5493,6,0,60
Alexander Burmistrov,Burmistrov,2932,3,0,61
Bryan Rust,Rust,680,0,0,62
Joakim Nordstrom,Nordstrom,1713,1,0,63
Jarred Tinordi,Tinordi,713,0,0,64
Stanislav Galiev,Galiev,237,0,0,65
Quinton Howden,Howden,1009,0,0,66
Joey Hishon,Hishon,131,0,0,67
Sam Carrick,Carrick,138,0,0,68
Julian Melchiori,Melchiori,158,0,0,69
Danny Biega,Biega,161,0,0,70
Austin Watson,Watson,646,0,0,71
Chris Wagner,Wagner,472,0,0,72
Tyler Pitlick,Pitlick,301,0,0,73
Kenny Agostino,Agostino,116,0,0,74
Stephen Johns,Johns,249,0,0,75
Max Reinhart,Reinhart,277,0,0,76
Christian Thomas,Thomas,244,0,0,77
Craig Cunningham,Cunningham,653,0,0,78
Michael Chaput,Chaput,559,0,0,79
Brett Bulmer,Bulmer,172,0,0,80
Freddie Hamilton,Hamilton,301,0,0,81
Jordan Weal,Weal,131,0,0,82
Jack Campbell,Campbell,,,,83
Mark Visentin,Visentin,,,,83
Jared Knight,Knight,,,,83
John McFarland,McFarland,,,,83
Dalton Smith,Smith,,,,83
Ludvig Rensfeldt,Rensfeldt,,,,83
Brad Ross,Ross,,,,83
Sebastian Wannstrom,Wannstrom,,,,83
Curtis Hamilton,Hamilton,,,,83
Phil Lane,Lane,,,,83
Mark Alt,Alt,,,,83
Justin Holl,Holl,,,,83
Petr Straka,Straka,,,,83
Kent Simpson,Simpson,,,,83
Ryan Martindale,Martindale,,,,83
Brock Beukeboom,Beukeboom,,,,83
Kirill Kabanov,Kabanov,,,,83
Jerome Gauthier-Leduc,Gauthier-Leduc,,,,83
Joe Basaraba,Basaraba,,,,83
Adam Janosik,Janosik,,,,83
Joey Leach,Leach,,,,83
Max Gardiner,Gardiner,,,,83
Kevin Sundher,Sundher,,,,83
Jakub Culek,Culek,,,,83
Alexander Guptill,Guptill,,,,83
Taylor Aronson,Aronson,,,,83
Sondre Olden,Olden,,,,83
Louis-Marc Aubry,Aubry,,,,83
Jason Clark,Clark,,,,83
Matt MacKenzie,MacKenzie,,,,83
Austin Levi,Levi,,,,83
Max Gaede,Gaede,,,,83
Jeremie Blain,Blain,,,,83
Sam Brittain,Brittain,,,,83
Ben Gallacher,Gallacher,,,,83
Brandon Archibald,Archibald,,,,83
Stephen Silas,Silas,,,,83
Geoffrey Schemitsch,Schemitsch,,,,83
Steven Shipley,Shipley,,,,83
Andrew Yogan,Yogan,,,,83
Ivan Telegin,Telegin,,,,83
Mathieu Corbeil,Corbeil,,,,83
John Ramage,Ramage,,,,83
Jani Hakanpaa,Hakanpaa,,,,83
Justin Shugg,Shugg,,,,83
Marcus Sorensen,Sorensen,,,,83
Sami Aittokallio,Aittokallio,,,,83
Bill Arnold,Arnold,,,,83
Alex Theriau,Theriau,,,,83
Mark MacMillan,MacMillan,,,,83
Joe Faust,Faust,,,,83
Patrick McNally,McNally,,,,83
Morgan Ellis,Ellis,,,,83
Jimmy Mullin,Mullin,,,,83
Rob Flick,Flick,,,,83
Tyler Bunz,Bunz,,,,83
Austin Madaisky,Madaisky,,,,83
Tony Dehart,Dehart,,,,83
Patrick Cehlin,Cehlin,,,,83
Cody Ferriero,Ferriero,,,,83
Fredrik Pettersson-Wentzel,Pettersson-Wentzel,,,,83
Jason Wilson,Wilson,,,,83
Tim Heed,Heed,,,,83
Cody Beach,Beach,,,,83
Justin Florek,Florek,,,,83
Isaac MacLeod,MacLeod,,,,83
Troy Rutkowski,Rutkowski,,,,83
Luke Walker,Walker,,,,83
Caleb Herbert,Herbert,,,,83
Gregg Sutch,Sutch,,,,83
Adam Polasek,Polasek,,,,83
Daniel Brodin,Brodin,,,,83
Kevin Gravel,Gravel,,,,83
Michael Parks,Parks,,,,83
Yasin Cisse,Cisse,,,,83
Mirko Hoefflin,Hoefflin,,,,83
Joe Rogalski,Rogalski,,,,83
Corey Durocher,Durocher,,,,83
Kendall McFaull,McFaull,,,,83
Brendan O'Donnell,O'Donnell,,,,83
Maxim Kitsyn,Kitsyn,,,,83
Johan Gustafsson,Gustafsson,,,,83
Tanner Lane,Lane,,,,83
Andreas Dahlstrom,Dahlstrom,,,,83
Konrad Abeltshauser,Abeltshauser,,,,83
Stephen Macaulay,Macaulay,,,,83
Zane Gothberg,Gothberg,,,,83
Drew Czerwonka,Czerwonka,,,,83
Tyler Stahl,Stahl,,,,83
Sebastian Owuya,Owuya,,,,83
Reid McNeill,McNeill,,,,83
Brooks Macek,Macek,,,,83
Alex Friesen,Friesen,,,,83
Cedrick Henley,Henley,,,,83
Maxime Clermont,Clermont,,,,83
Jonathan Iilahti,Iilahti,,,,83
Samuel Carrier,Carrier,,,,83
Kevin Lind,Lind,,,,83
Nick Luukko,Luukko,,,,83
Nick Mattson,Mattson,,,,83
Kristians Pelss,Pelss,,,,83
Josh Nicholls,Nicholls,,,,83
R.J. Boyd,Boyd,,,,83
Martin Ouellette,Ouellette,,,,83
Cody Rosen,Rosen,,,,83
Teigan Zahn,Zahn,,,,83
Lee Moffie,Moffie,,,,83
Dylen McKinlay,McKinlay,,,,83
Randy McNaught,McNaught,,,,83
Mac Carruth,Carruth,,,,83
Brett Perlini,Perlini,,,,83
Patrick Holland,Holland,,,,83
David Elsner,Elsner,,,,83
Maxim Chudinov,Chudinov,,,,83
Bryce Aneloski,Aneloski,,,,83
Luke Moffatt,Moffatt,,,,83
Joonas Rask,Rask,,,,83
Peter Stoykewych,Stoykewych,,,,83
Chris Crane,Crane,,,,83
Ben Marshall,Marshall,,,,83
Kellen Jones,Jones,,,,83
Christian Isackson,Isackson,,,,83
Mauro Jorg,Jorg,,,,83
Sawyer Hannay,Hannay,,,,83
Ricard Blidstrand,Blidstrand,,,,83
John Westin,Westin,,,,83
Riley Boychuk,Boychuk,,,,83
Brendan Ranford,Ranford,,,,83
